d2e9e9,::1,GET,http://localhost:8888/index_dev.php/,1534765571,,200
ea53aa,::1,GET,http://localhost:8888/index_dev.php/auth/login,1534765576,,200
29e66a,::1,POST,http://localhost:8888/index_dev.php/auth_login_check,1534765595,,302
0af5a4,::1,GET,http://localhost:8888/index_dev.php/,1534765595,,200
b318e5,::1,GET,http://localhost:8888/index_dev.php/admin/addcsv,1534765598,,200
d39670,::1,POST,http://localhost:8888/index_dev.php/admin/addcsv,1534765731,,200
64aa3c,::1,GET,http://localhost:8888/index_dev.php/,1534765736,,200
67ebf1,::1,GET,http://localhost:8888/index_dev.php/parts/pozostale,1534765739,,200
ba4eff,::1,GET,http://localhost:8888/index_dev.php/,1534766218,,200
dba488,::1,GET,http://localhost:8888/index_dev.php/admin/addcsv,1534766220,,200
886422,::1,POST,http://localhost:8888/index_dev.php/admin/addcsv,1534766249,,200
26521d,::1,GET,http://localhost:8888/index_dev.php/,1534766255,,200
3b5245,::1,GET,http://localhost:8888/index_dev.php/parts/zle,1534766258,,200
c4f800,::1,GET,http://localhost:8888/index_dev.php/,1534766464,,200
ff2cf6,::1,GET,http://localhost:8888/index_dev.php/admin/addcsv,1534766467,,200
d3c781,::1,POST,http://localhost:8888/index_dev.php/admin/addcsv,1534766480,,500
892c93,::1,POST,http://localhost:8888/index_dev.php/admin/addcsv,1534766533,,500
cce3bc,::1,POST,http://localhost:8888/index_dev.php/admin/addcsv,1534766655,,200
bb7164,::1,GET,http://localhost:8888/index_dev.php/register/,1534840156,,200
1a59d1,::1,POST,http://localhost:8888/index_dev.php/register/,1534840210,,200
322f40,::1,POST,http://localhost:8888/index_dev.php/register/,1534840306,,200
1c7efa,::1,POST,http://localhost:8888/index_dev.php/register/,1534840393,,200
e836e6,::1,GET,http://localhost:8888/index_dev.php/register/,1534840563,,200
0ae088,::1,POST,http://localhost:8888/index_dev.php/register/,1534840579,,200
c20773,::1,POST,http://localhost:8888/index_dev.php/register/,1534840704,,200
f46bb2,::1,POST,http://localhost:8888/index_dev.php/register/,1534840767,,200
5b528b,::1,POST,http://localhost:8888/index_dev.php/register/,1534840856,,200
c053d9,::1,POST,http://localhost:8888/index_dev.php/register/,1534840984,,200
c3c368,::1,POST,http://localhost:8888/index_dev.php/register/,1534841042,,200
18e801,::1,POST,http://localhost:8888/index_dev.php/register/,1534841176,,200
615468,::1,POST,http://localhost:8888/index_dev.php/register/,1534841330,,200
7168e7,::1,POST,http://localhost:8888/index_dev.php/register/,1534841518,,200
741dc9,::1,GET,http://localhost:8888/index_dev.php/,1534841797,,200
165eb1,::1,GET,http://localhost:8888/index_dev.php/auth/login,1534841800,,200
7852ef,::1,POST,http://localhost:8888/index_dev.php/auth_login_check,1534841809,,302
642750,::1,GET,http://localhost:8888/index_dev.php/,1534841810,,200
72f13a,::1,GET,http://localhost:8888/index_dev.php/auth_logout,1534841820,,302
6b9860,::1,GET,http://localhost:8888/index_dev.php/,1534841821,,200
bc93da,::1,GET,http://localhost:8888/index_dev.php/auth/login,1534841823,,200
c8f798,::1,POST,http://localhost:8888/index_dev.php/auth_login_check,1534841827,,302
f60f67,::1,GET,http://localhost:8888/index_dev.php/auth/login,1534841827,,200
af0e18,::1,POST,http://localhost:8888/index_dev.php/auth_login_check,1534841839,,302
dfc1c4,::1,GET,http://localhost:8888/index_dev.php/,1534841840,,200
81fd8e,::1,GET,http://localhost:8888/index_dev.php/parts/suzuki,1534841843,,200
3bd9b1,::1,GET,http://localhost:8888/index_dev.php/track/02162-0616E-000/add?company=suzuki,1534841847,,200
ce214b,::1,POST,http://localhost:8888/index_dev.php/track/02162-0616E-000/add,1534841850,,301
7aaf7f,::1,GET,http://localhost:8888/index_dev.php/track/,1534841851,,200
d6e6db,::1,GET,http://localhost:8888/index_dev.php/track/default/add,1534841855,,200
216f2b,::1,GET,http://localhost:8888/index_dev.php/,1534841859,,200
3b1800,::1,GET,http://localhost:8888/index_dev.php/account/,1534841863,,200
5c9101,::1,GET,http://localhost:8888/index_dev.php/account/editAccount,1534841868,,200
7c62b7,::1,GET,http://localhost:8888/index_dev.php/,1534841915,,200
e79154,::1,POST,http://localhost:8888/index_dev.php/account/editAccount,1534841931,,200
8504d9,::1,POST,http://localhost:8888/index_dev.php/account/editAccount,1534841974,,301
0285e3,::1,GET,http://localhost:8888/index_dev.php/account/,1534841975,,200
327d70,::1,GET,http://localhost:8888/index_dev.php/account/editAccount,1534842065,,200
b6ae71,::1,POST,http://localhost:8888/index_dev.php/account/editAccount,1534842092,,301
397060,::1,GET,http://localhost:8888/index_dev.php/account/,1534842093,,200
ffb673,::1,GET,http://localhost:8888/index_dev.php/,1534842099,,200
069d91,::1,GET,http://localhost:8888/index_dev.php/track/?company=mixed,1534842104,,200
a40f6e,::1,GET,http://localhost:8888/index_dev.php/,1534842107,,200
604c1a,::1,GET,http://localhost:8888/index_dev.php/,1536052575,,200
d10b04,::1,GET,http://localhost:8888/index_dev.php/usersTracked,1536052590,,404
c75ae4,::1,GET,http://localhost:8888/index_dev.php/usersTracked,1536052610,,404
10c562,::1,GET,http://localhost:8888/index_dev.php/usersTracked,1536052615,,404
402456,::1,GET,http://localhost:8888/index_dev.php/admin/usersTracked,1536052652,,302
50be45,::1,GET,http://localhost:8888/index_dev.php/auth/login,1536052654,,200
bc11d4,::1,POST,http://localhost:8888/index_dev.php/auth_login_check,1536052679,,302
aaf77b,::1,GET,http://localhost:8888/index_dev.php/admin/usersTracked,1536052679,,500
ec693c,::1,GET,http://localhost:8888/index_dev.php/admin/usersTracked,1536052914,,500
a88c2b,::1,GET,http://localhost:8888/index_dev.php/admin/usersTracked,1536052975,,500
e94ed3,::1,GET,http://localhost:8888/index_dev.php/admin/usersTracked,1536053140,,500
195e3e,::1,GET,http://localhost:8888/index_dev.php/admin/usersTracked,1536053156,,500
585ef0,::1,GET,http://localhost:8888/index_dev.php/admin/usersTracked,1536054421,,500
2988bd,::1,GET,http://localhost:8888/index_dev.php/admin/usersTracked,1536054443,,500
743b45,::1,GET,http://localhost:8888/index_dev.php/admin/usersTracked,1536054498,,500
20aea6,::1,GET,http://localhost:8888/index_dev.php/admin/usersTracked,1536054509,,500
a5b42d,::1,GET,http://localhost:8888/index_dev.php/admin/usersTracked,1536054527,,200
f570ae,::1,GET,http://localhost:8888/index_dev.php/,1536054652,,200
2cadbc,::1,GET,http://localhost:8888/index_dev.php/parts/suzuki,1536054654,,200
d490f1,::1,GET,http://localhost:8888/index_dev.php/parts/suzuki,1536067879,,200
324326,::1,GET,http://localhost:8888/index_dev.php/parts/suzuki,1536068141,,500
d84ea3,::1,GET,http://localhost:8888/index_dev.php/parts/suzuki,1536068232,,500
b658c4,::1,GET,http://localhost:8888/index_dev.php/parts/suzuki,1536068257,,500
1a6262,::1,GET,http://localhost:8888/index_dev.php/parts/suzuki,1536068275,,200
28135d,::1,GET,http://localhost:8888/index_dev.php/admin/1/edit,1536068281,,500
465188,::1,GET,http://localhost:8888/index_dev.php/admin/1/edit,1536068310,,500
94ef0f,::1,GET,http://localhost:8888/index_dev.php/admin/1/edit,1536068416,,500
e39e7e,::1,GET,http://localhost:8888/index_dev.php/admin/1/edit,1536068443,,500
e675e4,::1,GET,http://localhost:8888/index_dev.php/admin/1/edit,1536068483,,500
7b27e2,::1,GET,http://localhost:8888/index_dev.php/admin/1/edit,1536068501,,500
e9c208,::1,GET,http://localhost:8888/index_dev.php/admin/1/edit,1536068557,,500
deefea,::1,GET,http://localhost:8888/index_dev.php/admin/1/edit,1536068593,,500
57bd69,::1,GET,http://localhost:8888/index_dev.php/admin/1/edit,1536068625,,500
ee0438,::1,GET,http://localhost:8888/index_dev.php/admin/1/edit,1536068645,,500
b15834,::1,GET,http://localhost:8888/index_dev.php/admin/1/edit,1536068675,,200
faf87f,::1,GET,http://localhost:8888/index_dev.php/,1536068799,,200
3d5341,::1,GET,http://localhost:8888/index_dev.php/parts/mitsubischi,1536068802,,200
e48b1a,::1,GET,http://localhost:8888/index_dev.php/admin/1732/edit,1536068804,,200
67b0c1,::1,GET,http://localhost:8888/index_dev.php/admin/1732/edit,1536068839,,200
da0729,::1,GET,http://localhost:8888/index_dev.php/admin/1732/edit,1536068879,,200
311336,::1,GET,http://localhost:8888/index_dev.php/admin/1732/edit,1536068911,,200
8f1b8a,::1,POST,http://localhost:8888/index_dev.php/admin/1732/edit,1536068930,,200
bab3ed,::1,GET,http://localhost:8888/index_dev.php/,1536069012,,200
dd0c4a,::1,GET,http://localhost:8888/index_dev.php/parts/mitsubischi,1536069013,,200
14e18d,::1,GET,http://localhost:8888/index_dev.php/parts/mitsubischi/page/2,1536069018,,200
5ad0ff,::1,GET,http://localhost:8888/index_dev.php/parts/mitsubischi/page,1536069035,,200
06b700,::1,GET,http://localhost:8888/index_dev.php/admin/1732/edit,1536069351,,200
1ebc98,::1,GET,http://localhost:8888/index_dev.php/,1536069618,,200
db50c8,::1,GET,http://localhost:8888/index_dev.php/parts/suzuki,1536069621,,200
7a1d65,::1,GET,http://localhost:8888/index_dev.php/admin/1/edit,1536069626,,200
c3fce4,::1,POST,http://localhost:8888/index_dev.php/admin/1/edit,1536069636,,200
499009,::1,GET,http://localhost:8888/index_dev.php/,1536069660,,200
494cc9,::1,GET,http://localhost:8888/index_dev.php/parts/suzuki,1536069661,,200
58923d,::1,GET,http://localhost:8888/index_dev.php/admin/1/edit,1536069663,,200
9fd164,::1,POST,http://localhost:8888/index_dev.php/admin/1/edit,1536069667,,200
342fce,::1,GET,http://localhost:8888/index_dev.php/,1536069670,,200
a2b530,::1,GET,http://localhost:8888/index_dev.php/parts/suzuki,1536069672,,200
b5c533,::1,GET,http://localhost:8888/index_dev.php/parts/suzuki,1536069775,,200
641911,::1,GET,http://localhost:8888/index_dev.php/admin/1/edit,1536069776,,200
bb1694,::1,POST,http://localhost:8888/index_dev.php/admin/1/edit,1536069781,,500
82b8a2,::1,GET,http://localhost:8888/index_dev.php/admin/1/edit,1536069824,,200
d95c15,::1,POST,http://localhost:8888/index_dev.php/admin/1/edit,1536069828,,200
dbea66,::1,POST,http://localhost:8888/index_dev.php/admin/1/edit,1536069871,,200
0396aa,::1,GET,http://localhost:8888/index_dev.php/,1536069873,,200
35f4b4,::1,GET,http://localhost:8888/index_dev.php/parts/suzuki,1536069875,,200
457723,::1,GET,http://localhost:8888/index_dev.php/admin/1/edit,1536069877,,200
813192,::1,GET,http://localhost:8888/index_dev.php/admin/1/edit,1536070151,,200
0f58a1,::1,POST,http://localhost:8888/index_dev.php/admin/1/edit,1536070155,,200
f65ef1,::1,GET,http://localhost:8888/index_dev.php/,1536070157,,200
4ee511,::1,GET,http://localhost:8888/index_dev.php/parts/suzuki,1536070159,,200
093ce7,::1,GET,http://localhost:8888/index_dev.php/admin/1/edit,1536070162,,200
c264db,::1,POST,http://localhost:8888/index_dev.php/admin/1/edit,1536070166,,200
ee775e,::1,POST,http://localhost:8888/index_dev.php/admin/1/edit,1536070362,,200
a1b7ea,::1,GET,http://localhost:8888/index_dev.php/,1536070365,,200
625ebd,::1,GET,http://localhost:8888/index_dev.php/parts/suzuki,1536070367,,200
7cb99b,::1,GET,http://localhost:8888/index_dev.php/admin/1/edit,1536070369,,200
f6082e,::1,POST,http://localhost:8888/index_dev.php/admin/1/edit,1536070373,,200
bef4ae,::1,GET,http://localhost:8888/index_dev.php/,1536070377,,200
29d596,::1,GET,http://localhost:8888/index_dev.php/parts/suzuki,1536070380,,200
94116c,::1,GET,http://localhost:8888/index_dev.php/admin/1/edit,1536070382,,200
1b549a,::1,GET,http://localhost:8888/index_dev.php/admin/1/edit,1536070401,,200
84cad2,::1,POST,http://localhost:8888/index_dev.php/admin/1/edit,1536070404,,200
d333ad,::1,GET,http://localhost:8888/index_dev.php/,1536070406,,200
79bf81,::1,GET,http://localhost:8888/index_dev.php/parts/suzuki,1536070408,,200
da50dd,::1,GET,http://localhost:8888/index_dev.php/admin/1/edit,1536070410,,200
b90fc1,::1,GET,http://localhost:8888/index_dev.php/admin/1/edit,1536070452,,200
673d73,::1,POST,http://localhost:8888/index_dev.php/admin/1/edit,1536070457,,200
0a4ce9,::1,GET,http://localhost:8888/index_dev.php/,1536070460,,200
1e05e1,::1,GET,http://localhost:8888/index_dev.php/parts/suzuki,1536070462,,200
69c412,::1,GET,http://localhost:8888/index_dev.php/parts/suzuki,1536070727,,200
e97b60,::1,GET,http://localhost:8888/index_dev.php/admin/1/edit,1536070729,,200
b852d7,::1,POST,http://localhost:8888/index_dev.php/admin/1/edit,1536070733,,200
3f946c,::1,GET,http://localhost:8888/index_dev.php/,1536070740,,200
80feab,::1,GET,http://localhost:8888/index_dev.php/parts/suzuki,1536070742,,200
7e9ba0,::1,GET,http://localhost:8888/index_dev.php/admin/1/edit,1536070807,,200
3dd353,::1,POST,http://localhost:8888/index_dev.php/admin/1/edit,1536070814,,200
f8a91c,::1,GET,http://localhost:8888/index_dev.php/,1536070914,,200
5c6513,::1,GET,http://localhost:8888/index_dev.php/parts/suzuki,1536070916,,200
985ede,::1,GET,http://localhost:8888/index_dev.php/admin/1/edit,1536070918,,200
097195,::1,GET,http://localhost:8888/index_dev.php/admin/1/edit,1536070931,,200
9ea694,::1,POST,http://localhost:8888/index_dev.php/admin/1/edit,1536070934,,500
cb5b5d,::1,GET,http://localhost:8888/index_dev.php/admin/1/edit,1536071254,,200
b9ac9e,::1,POST,http://localhost:8888/index_dev.php/admin/1/edit,1536071258,,200
97e581,::1,GET,http://localhost:8888/index_dev.php/,1536071260,,200
973900,::1,GET,http://localhost:8888/index_dev.php/parts/suzuki,1536071261,,200
dee952,::1,GET,http://localhost:8888/index_dev.php/admin/1/edit,1536071284,,200
c772b2,::1,POST,http://localhost:8888/index_dev.php/admin/1/edit,1536071289,,200
dfb4df,::1,GET,http://localhost:8888/index_dev.php/,1536071294,,200
429ae1,::1,GET,http://localhost:8888/index_dev.php/parts/suzuki,1536071296,,200
79d6c3,::1,GET,http://localhost:8888/index_dev.php/admin/1/edit,1536071299,,200
4d0988,::1,POST,http://localhost:8888/index_dev.php/admin/1/edit,1536071305,,200
b1bd9a,::1,GET,http://localhost:8888/index_dev.php/,1536071307,,200
1f313e,::1,GET,http://localhost:8888/index_dev.php/parts/suzuki,1536071309,,200
de2f1a,::1,GET,http://localhost:8888/index_dev.php/parts/suzuki,1536078413,,200
849af0,::1,GET,http://localhost:8888/index_dev.php/parts/suzuki,1536078720,,200
d3ceb9,::1,GET,http://localhost:8888/index_dev.php/admin/1/edit,1536078724,,200
fab0d2,::1,GET,http://localhost:8888/index_dev.php/admin/1/edit,1536079737,,200
929f8c,::1,GET,http://localhost:8888/index_dev.php/,1536079740,,200
2d1fc1,::1,GET,http://localhost:8888/index_dev.php/parts/suzuki,1536079742,,200
9836b5,::1,GET,http://localhost:8888/index_dev.php/admin/1/edit,1536079744,,200
727bcd,::1,GET,http://localhost:8888/index_dev.php/,1536079748,,200
cbd466,::1,GET,http://localhost:8888/index_dev.php/auth_logout,1536079769,,302
206b2c,::1,GET,http://localhost:8888/index_dev.php/,1536079769,,200
82e78a,::1,GET,http://localhost:8888/index_dev.php/,1536079791,,200
bdee93,::1,GET,http://localhost:8888/index_dev.php/auth/login,1536079798,,200
54fcde,::1,POST,http://localhost:8888/index_dev.php/auth_login_check,1536079825,,302
8a179e,::1,GET,http://localhost:8888/index_dev.php/,1536079825,,200
54763f,::1,GET,http://localhost:8888/index_dev.php/admin/users,1536079828,,200
b5c66f,::1,GET,http://localhost:8888/index_dev.php/admin/users,1536079874,,200
556f6c,::1,GET,http://localhost:8888/index_dev.php/admin/users,1536079996,,200
bee9ff,::1,GET,http://localhost:8888/index_dev.php/admin/users,1536080035,,200
cde3a1,::1,GET,http://localhost:8888/index_dev.php/,1536080310,,500
d3b3ac,::1,GET,http://localhost:8888/index_dev.php/,1536080354,,200
1573d0,::1,GET,http://localhost:8888/index_dev.php/admin/usersTracked,1536080360,,200
6f7129,::1,GET,http://localhost:8888/index_dev.php/,1536080407,,200
d6e2f6,::1,GET,http://localhost:8888/index_dev.php/admin/users,1536080411,,200
d0e1f1,::1,GET,http://localhost:8888/index_dev.php/,1536080416,,200
d9b68c,::1,GET,http://localhost:8888/index_dev.php/,1536081346,,200
06cf54,::1,GET,http://localhost:8888/index_dev.php/,1536081389,,200
ff42b3,::1,GET,http://localhost:8888/index_dev.php/account/editPass,1536081396,,200
6d0e0f,::1,GET,http://localhost:8888/index_dev.php/,1536081400,,200
1cce2f,::1,GET,http://localhost:8888/index_dev.php/auth_logout,1536081403,,302
e38ea8,::1,GET,http://localhost:8888/index_dev.php/,1536081403,,200
43610c,::1,GET,http://localhost:8888/index_dev.php/auth/login,1536081406,,200
ac6ca6,::1,POST,http://localhost:8888/index_dev.php/auth_login_check,1536081415,,302
632892,::1,GET,http://localhost:8888/index_dev.php/,1536081416,,200
41c759,::1,GET,http://localhost:8888/index_dev.php/account/editPass,1536081418,,200
7f0c20,::1,POST,http://localhost:8888/index_dev.php/account/editAccount,1536081427,,200
2d9092,::1,GET,http://localhost:8888/index_dev.php/,1536081434,,200
c6db33,::1,GET,http://localhost:8888/index_dev.php/auth_logout,1536081459,,302
395467,::1,GET,http://localhost:8888/index_dev.php/,1536081460,,200
38588e,::1,GET,http://localhost:8888/index_dev.php/auth/login,1536081462,,200
58307e,::1,POST,http://localhost:8888/index_dev.php/auth_login_check,1536081470,,302
1b1032,::1,GET,http://localhost:8888/index_dev.php/,1536081471,,200
f59613,::1,GET,http://localhost:8888/index_dev.php/account/editPass,1536081474,,200
0e0100,::1,POST,http://localhost:8888/index_dev.php/account/editAccount,1536081485,,200
3aa133,::1,GET,http://localhost:8888/index_dev.php/,1536081534,,200
065fb8,::1,GET,http://localhost:8888/index_dev.php/auth_logout,1536081536,,302
13992d,::1,GET,http://localhost:8888/index_dev.php/,1536081537,,200
1159e8,::1,GET,http://localhost:8888/index_dev.php/auth/login,1536081539,,200
c465e0,::1,POST,http://localhost:8888/index_dev.php/auth_login_check,1536081548,,302
38ef99,::1,GET,http://localhost:8888/index_dev.php/,1536081548,,200
8a1ec0,::1,GET,http://localhost:8888/index_dev.php/account/editPass,1536081550,,200
f4865d,::1,POST,http://localhost:8888/index_dev.php/account/editPass,1536081561,,301
890abe,::1,GET,http://localhost:8888/index_dev.php/account/,1536081562,,200
338b9a,::1,GET,http://localhost:8888/index_dev.php/,1536081566,,200
7dd9b9,::1,GET,http://localhost:8888/index_dev.php/auth_logout,1536081568,,302
709d4b,::1,GET,http://localhost:8888/index_dev.php/,1536081568,,200
20afe5,::1,GET,http://localhost:8888/index_dev.php/auth/login,1536081570,,200
c02857,::1,POST,http://localhost:8888/index_dev.php/auth_login_check,1536081584,,302
4f48be,::1,GET,http://localhost:8888/index_dev.php/,1536081585,,200
5d10ff,::1,GET,http://localhost:8888/index_dev.php/account/editPass,1536081587,,200
aee758,::1,POST,http://localhost:8888/index_dev.php/account/editPass,1536081598,,301
9142ef,::1,GET,http://localhost:8888/index_dev.php/account/,1536081598,,200
c4d4bf,::1,GET,http://localhost:8888/index_dev.php/,1536081608,,200
372851,::1,GET,http://localhost:8888/index_dev.php/account/,1536081614,,200
05cd23,::1,GET,http://localhost:8888/index_dev.php/account/editAccount,1536081615,,200
4f54a4,::1,GET,http://localhost:8888/index_dev.php/,1536081940,,200
2e3dfd,::1,GET,http://localhost:8888/index_dev.php/account/,1536081947,,200
f50712,::1,GET,http://localhost:8888/index_dev.php/account/editAccount,1536081949,,200
b28364,::1,POST,http://localhost:8888/index_dev.php/account/editPass,1536082091,,200
177050,::1,GET,http://localhost:8888/index_dev.php/account/editPass,1536082111,,200
47c96b,::1,GET,http://localhost:8888/index_dev.php/,1536082114,,200
f76a57,::1,GET,http://localhost:8888/index_dev.php/account/,1536082117,,200
14eb33,::1,GET,http://localhost:8888/index_dev.php/account/editAccount,1536082120,,200
dd1821,::1,POST,http://localhost:8888/index_dev.php/account/editAccount,1536082152,,200
69c5ce,::1,POST,http://localhost:8888/index_dev.php/account/editAccount,1536082177,,301
c9cd00,::1,GET,http://localhost:8888/index_dev.php/account/,1536082178,,200
0ac4d8,::1,GET,http://localhost:8888/index_dev.php/,1536082181,,200
f1fe34,::1,GET,http://localhost:8888/index_dev.php/,1536139780,,200
d85bb4,::1,GET,http://localhost:8888/index_dev.php/auth/login,1536139815,,200
a42771,::1,POST,http://localhost:8888/index_dev.php/auth_login_check,1536140685,,302
1cf697,::1,GET,http://localhost:8888/index_dev.php/,1536140685,,200
5b581f,::1,GET,http://localhost:8888/index_dev.php/track/delete,1536140709,,405
54e14a,::1,GET,http://localhost:8888/index_dev.php/track/delete,1536140818,,405
dbdd57,::1,GET,http://localhost:8888/index_dev.php/track/delete,1536140841,,500
e856f0,::1,GET,http://localhost:8888/index_dev.php/track,1536140888,,301
5c57bc,::1,GET,http://localhost:8888/index_dev.php/track/,1536140889,,500
d7e264,::1,GET,http://localhost:8888/index_dev.php/track/,1536140961,,200
333b8a,::1,GET,http://localhost:8888/index_dev.php/track/delete?partID=4,1536140965,,500
012db1,::1,GET,http://localhost:8888/index_dev.php/track/delete?partID=4,1536141019,,500
9f624e,::1,GET,http://localhost:8888/index_dev.php/track/delete?partID=5,1536141030,,500
4d2e21,::1,GET,http://localhost:8888/index_dev.php/track/delete?partID=5,1536141164,,500
5797cd,::1,GET,http://localhost:8888/index_dev.php/track/delete?partID=5,1536141338,,500
4e8fcd,::1,GET,http://localhost:8888/index_dev.php/track/delete?partID=6,1536141350,,500
0d17e4,::1,GET,http://localhost:8888/index_dev.php/track/delete?partID=6,1536141382,,500
8380cf,::1,GET,http://localhost:8888/index_dev.php/track/delete?partID=6,1536141415,,500
b1aee7,::1,GET,http://localhost:8888/index_dev.php/track/delete?partID=5,1536141565,,500
b15629,::1,GET,http://localhost:8888/index_dev.php/,1536150332,,200
25655c,::1,GET,http://localhost:8888/index_dev.php/auth/login,1536150334,,200
2f86ee,::1,POST,http://localhost:8888/index_dev.php/auth_login_check,1536150345,,302
8463d7,::1,GET,http://localhost:8888/index_dev.php/auth/login,1536150346,,200
437fd9,::1,POST,http://localhost:8888/index_dev.php/auth_login_check,1536150357,,302
d59aaf,::1,GET,http://localhost:8888/index_dev.php/,1536150358,,200
4c9acc,::1,GET,http://localhost:8888/index_dev.php/track/?company=mixed,1536150378,,200
3cca31,::1,GET,http://localhost:8888/index_dev.php/track/?company=mixed,1536151633,,500
ec8bc3,::1,GET,http://localhost:8888/index_dev.php/track/?company=mixed,1536151645,,500
aed6e3,::1,GET,http://localhost:8888/index_dev.php/track/?company=mixed,1536151680,,200
25c5f8,::1,GET,http://localhost:8888/index_dev.php/track/4/delete,1536151683,,405
64d763,::1,GET,http://localhost:8888/index_dev.php/track/4/delete,1536151698,,500
a61506,::1,GET,http://localhost:8888/index_dev.php/track/4/delete,1536151858,,500
a6bbe2,::1,GET,http://localhost:8888/index_dev.php/track/4/delete,1536151909,,500
f68a4a,::1,GET,http://localhost:8888/index_dev.php/track/4/delete,1536152165,,500
c7abf1,::1,GET,http://localhost:8888/index_dev.php/track/10/delete,1536152171,,500
57ec46,::1,GET,http://localhost:8888/index_dev.php/track/10/delete,1536152194,,500
8cca78,::1,GET,http://localhost:8888/index_dev.php/track/10/delete,1536152208,,500
f80b24,::1,GET,http://localhost:8888/index_dev.php/track/10/delete,1536152256,,301
a5adb5,::1,GET,http://localhost:8888/index_dev.php/track/,1536152257,,200
aa642e,::1,GET,http://localhost:8888/index_dev.php/track/4/delete,1536152272,,500
8f56d3,::1,GET,http://localhost:8888/index_dev.php/track/4/delete,1536152359,,500
bcb8b6,::1,GET,http://localhost:8888/index_dev.php/track/4/delete,1536152371,,500
d27eae,::1,GET,http://localhost:8888/index_dev.php/track/4/delete,1536152421,,500
5a126a,::1,GET,http://localhost:8888/index_dev.php/track/4/delete,1536152446,,200
bd939e,::1,GET,http://localhost:8888/index_dev.php/track/4/delete,1536152900,,200
ba7f08,::1,GET,http://localhost:8888/index_dev.php/track/4/delete,1536152913,,200
88286e,::1,GET,http://localhost:8888/index_dev.php/track/4/delete,1536153115,,200
c8e6a9,::1,GET,http://localhost:8888/index_dev.php/track/4/delete,1536153153,,200
8a8b9b,::1,POST,http://localhost:8888/index_dev.php/track/4/delete,1536153164,,200
c93be4,::1,GET,http://localhost:8888/index_dev.php/,1536153167,,200
241c7f,::1,GET,http://localhost:8888/index_dev.php/track/?company=mixed,1536153169,,200
4730cb,::1,GET,http://localhost:8888/index_dev.php/track/?company=mixed,1536153232,,200
28bb44,::1,GET,http://localhost:8888/index_dev.php/track/4/delete,1536153300,,200
d6861e,::1,GET,http://localhost:8888/index_dev.php/track/4/delete,1536153426,,200
6d3470,::1,POST,http://localhost:8888/index_dev.php/track/4/delete,1536153428,,301
12d191,::1,GET,http://localhost:8888/index_dev.php/track/,1536153428,,200
72b7fb,::1,GET,http://localhost:8888/index_dev.php/track/4/delete,1536153519,,200
ac8d8e,::1,POST,http://localhost:8888/index_dev.php/track/4/delete,1536153525,,301
94bdfd,::1,GET,http://localhost:8888/index_dev.php/track/,1536153526,,200
641371,::1,GET,http://localhost:8888/index_dev.php/track/,1536153641,,200
bfcc73,::1,GET,http://localhost:8888/index_dev.php/track/4/delete,1536153643,,200
688832,::1,POST,http://localhost:8888/index_dev.php/track/4/delete,1536153645,,200
8e1faf,::1,GET,http://localhost:8888/index_dev.php/,1536153705,,200
9c8cbe,::1,GET,http://localhost:8888/index_dev.php/track/?company=mixed,1536153707,,200
7f3dfb,::1,GET,http://localhost:8888/index_dev.php/track/4/delete,1536153709,,200
1a0a65,::1,POST,http://localhost:8888/index_dev.php/track/4/delete,1536153711,,301
d6efbc,::1,GET,http://localhost:8888/index_dev.php/track/,1536153712,,200
35f6c7,::1,GET,http://localhost:8888/index_dev.php/,1536153716,,200
2ee321,::1,GET,http://localhost:8888/index_dev.php/track/?company=mixed,1536153717,,200
db6f70,::1,GET,http://localhost:8888/index_dev.php/track/4/delete,1536153755,,200
9121c2,::1,POST,http://localhost:8888/index_dev.php/track/4/delete,1536153757,,200
e1e4d0,::1,GET,http://localhost:8888/index_dev.php/,1536153944,,200
bea54b,::1,GET,http://localhost:8888/index_dev.php/track/?company=mixed,1536153946,,200
1a24f4,::1,GET,http://localhost:8888/index_dev.php/track/4/delete,1536153949,,200
8b64f4,::1,POST,http://localhost:8888/index_dev.php/track/4/delete,1536153951,,200
39b923,::1,GET,http://localhost:8888/index_dev.php/,1536153953,,200
df8c87,::1,GET,http://localhost:8888/index_dev.php/track/?company=mixed,1536153955,,200
aa2a84,::1,GET,http://localhost:8888/index_dev.php/track/?company=mixed,1536154765,,200
c35a3c,::1,GET,http://localhost:8888/index_dev.php/track/5/delete,1536154768,,200
320383,::1,GET,http://localhost:8888/index_dev.php/track/5/delete,1536154872,,200
c4d318,::1,GET,http://localhost:8888/index_dev.php/,1536154876,,200
